sector,company,symbol,avg_adj_close
Consumer Discretionary,Amazon.com Inc.,AMZN,2417.236181640625
Consumer Discretionary,Booking Holdings Inc,BKNG,1995.2682739257812
Consumer Discretionary,AutoZone Inc,AZO,1183.0691177645597
Consumer Discretionary,Chipotle Mexican Grill,CMG,999.4453358459473
Consumer Discretionary,Charter Communications,CHTR,493.44707233775745
Consumer Discretionary,O'Reilly Automotive,ORLY,438.84230026245115
Consumer Discretionary,Ulta Beauty,ULTA,290.5541454939409
Consumer Discretionary,Home Depot,HD,240.3662395962802
Consumer Discretionary,McDonald's Corp.,MCD,195.21853665438564
Consumer Discretionary,Snap-On Inc.,SNA,166.68678136652167
Consumer Discretionary,Dollar General,DG,162.43337019486862
Consumer Discretionary,Advance Auto Parts,AAP,160.739402625344
Consumer Discretionary,Whirlpool Corp.,WHR,156.3148488512906
Consumer Discretionary,Mohawk Industries,MHK,155.01793644298206
Consumer Discretionary,Stanley Black & Decker,SWK,151.17656130704012
Consumer Discretionary,Lowe's Cos.,LOW,138.00844298969616
Consumer Discretionary,Target Corp.,TGT,135.28330033042215
Consumer Discretionary,The Walt Disney Company,DIS,134.67975907759234
Consumer Discretionary,Marriott Int'l.,MAR,129.23457805286753
Consumer Discretionary,Expedia Inc.,EXPE,128.6938276082819
Consumer Discretionary,Tractor Supply Company,TSCO,127.20400462757458
Consumer Discretionary,Wynn Resorts Ltd,WYNN,112.89717837593773
Consumer Discretionary,Darden Restaurants,DRI,108.88151845758611
Consumer Discretionary,Nike,NKE,105.19382177873091
Consumer Discretionary,Polo Ralph Lauren Corp.,RL,104.54393093802712
Consumer Discretionary,Aptiv Plc,APTV,103.74493304512717
Consumer Discretionary,Dollar Tree,DLTR,102.90324548201127
Consumer Discretionary,PVH Corp.,PVH,101.07310116334395
Consumer Discretionary,Hilton Worldwide Holdings Inc,HLT,100.57279500787908
Consumer Discretionary,Ross Stores,ROST,99.04652480732311
Consumer Discretionary,Yum! Brands Inc,YUM,98.88677351864901
Consumer Discretionary,Genuine Parts,GPC,98.87407939564098
Consumer Discretionary,Time Warner Inc.,TWX,94.34922790527344
Consumer Discretionary,Garmin Ltd.,GRMN,94.33744992342862
Consumer Discretionary,Carmax Inc,KMX,92.88890907287598
Consumer Discretionary,Royal Caribbean Cruises Ltd,RCL,91.51299660422585
Consumer Discretionary,Hasbro Inc.,HAS,86.86050420587713
Consumer Discretionary,Best Buy Co. Inc.,BBY,83.42009736841375
Consumer Discretionary,Starbucks Corp.,SBUX,80.66882088401101
Consumer Discretionary,V.F. Corp.,VFC,71.93102646567604
Consumer Discretionary,Lennar Corp.,LEN,67.55036340713501
Consumer Discretionary,Omnicom Group,OMC,66.2083360047774
Consumer Discretionary,D. R. Horton,DHI,60.40546422264793
Consumer Discretionary,TJX Companies Inc.,TJX,55.4172192660245
Consumer Discretionary,Kohl's Corp.,KSS,48.241518030166624
Consumer Discretionary,Comcast Corp.,CMCSA,42.4489255731756
Consumer Discretionary,Foot Locker Inc,FL,42.05701339895075
Consumer Discretionary,BorgWarner,BWA,40.263655402443625
Consumer Discretionary,General Motors,GM,39.99261014071378
Consumer Discretionary,Leggett & Platt,LEG,39.05326181931929
Consumer Discretionary,Pulte Homes Inc.,PHM,37.8525752622431
Consumer Discretionary,Norwegian Cruise Line,NCLH,37.02938180533322
Consumer Discretionary,LKQ Corporation,LKQ,36.15385533853011
Consumer Discretionary,Carnival Corp.,CCL,36.147168708714574
Consumer Discretionary,Harley-Davidson,HOG,35.418341181494974
Consumer Discretionary,TripAdvisor,TRIP,35.34587623422796
Consumer Discretionary,Dish Network,DISH,34.618890838623045
Consumer Discretionary,Nordstrom,JWN,33.94616502848538
Consumer Discretionary,Twenty-First Century Fox Class A,FOXA,33.581922300438634
Consumer Discretionary,"Tapestry, Inc.",TPR,32.72419492288069
Consumer Discretionary,Twenty-First Century Fox Class B,FOX,32.344337096672675
Consumer Discretionary,MGM Resorts International,MGM,30.92612306204709
Consumer Discretionary,Discovery Inc. Class A,DISCA,28.160354543165727
Consumer Discretionary,Discovery Inc. Class C,DISCK,26.145583334675543
Consumer Discretionary,Interpublic Group,IPG,23.319600679224187
Consumer Discretionary,Gap Inc.,GPS,21.074750266508623
Consumer Discretionary,Newell Brands,NWL,19.18243284485557
Consumer Discretionary,Macy's Inc.,M,19.093388237953185
Consumer Discretionary,Under Armour Class A,UAA,18.70972729986364
Consumer Discretionary,Goodyear Tire & Rubber,GT,16.606403740102593
Consumer Discretionary,Under Armour Class C,UA,16.5891818150607
Consumer Discretionary,News Corp. Class A,NWSA,16.292879819869995
Consumer Discretionary,News Corp. Class B,NWS,16.280820063244214
Consumer Discretionary,Mattel Inc.,MAT,15.524763646559283
Consumer Discretionary,Hanesbrands Inc,HBI,14.958263298381459
Consumer Discretionary,Ford Motor,F,10.348104190609671
Consumer Staples,Costco Wholesale Corp.,COST,315.5107770330256
Consumer Staples,Estee Lauder Cos.,EL,211.94272752241656
Consumer Staples,Constellation Brands,STZ,198.736553254561
Consumer Staples,The Clorox Company,CLX,157.50002149408513
Consumer Staples,The Hershey Company,HSY,137.6630729189786
Consumer Staples,PepsiCo Inc.,PEP,127.34221904407848
Consumer Staples,Kimberly-Clark,KMB,121.04692900224165
Consumer Staples,Wal-Mart Stores,WMT,116.16742625149814
Consumer Staples,Procter & Gamble,PG,112.98501467964866
Consumer Staples,JM Smucker,SJM,109.79954172307795
Consumer Staples,McCormick & Co.,MKC,77.43080981861462
Consumer Staples,Philip Morris International,PM,77.01464752197266
Consumer Staples,Church & Dwight,CHD,73.79812755237926
Consumer Staples,Monster Beverage,MNST,71.6080364227295
Consumer Staples,Tyson Foods,TSN,69.73733805569735
Consumer Staples,Colgate-Palmolive,CL,69.59748513308439
Consumer Staples,CVS Health,CVS,68.71222975644199
Consumer Staples,Sysco Corp.,SYY,67.12557477430863
Consumer Staples,Kellogg Co.,K,59.15723803086714
Consumer Staples,General Mills,GIS,51.75023840123957
Consumer Staples,Molson Coors Brewing Company,TAP,51.57716039830988
Consumer Staples,Mondelez International,MDLZ,51.038037740534
Consumer Staples,Walgreens Boots Alliance,WBA,50.21373894778165
Consumer Staples,Archer-Daniels-Midland Co,ADM,48.15549749200994
Consumer Staples,Coca-Cola Company (The),KO,47.93522552837025
Consumer Staples,Altria Group Inc,MO,42.21417686462402
Consumer Staples,Hormel Foods Corp.,HRL,42.200931673916905
Consumer Staples,Campbell Soup,CPB,41.19845487247814
Consumer Staples,Kraft Heinz Co,KHC,36.25601005207409
Consumer Staples,Kroger Co.,KR,31.52689468383789
Consumer Staples,Conagra Brands,CAG,30.91255073027177
Consumer Staples,"Coty, Inc",COTY,9.440607821291144
Energy,Pioneer Natural Resources,PXD,141.35145520296965
Energy,Andeavor,ANDV,127.46756558695799
Energy,Chevron Corp.,CVX,101.07545418826017
Energy,Phillips 66,PSX,79.27483725807883
Energy,EOG Resources,EOG,76.83493897698142
Energy,Valero Energy,VLO,71.36333723761818
Energy,Hess Corporation,HES,61.7948823408647
Energy,Exxon Mobil Corp.,XOM,57.026214632554485
Energy,ConocoPhillips,COP,56.31505320635709
Energy,Marathon Petroleum,MPC,53.64462684457952
Energy,ONEOK,OKE,47.79555534796281
Energy,Occidental Petroleum,OXY,40.87892102761702
Energy,Helmerich & Payne,HP,35.498459119796756
Energy,Schlumberger Ltd.,SLB,35.41123624454845
Energy,Devon Energy Corp.,DVN,26.21681624846025
Energy,Apache Corporation,APA,25.879909101616253
Energy,Halliburton Co.,HAL,25.609758094440807
Energy,Newfield Exploration Co,NFX,25.20708184225279
Energy,National Oilwell Varco Inc.,NOV,21.985340104970064
Energy,Williams Cos.,WMB,21.92489153515209
Energy,EQT Corporation,EQT,18.92368733709509
Energy,Kinder Morgan,KMI,15.0664426612854
Energy,Marathon Oil Corp.,MRO,13.394750993468545
Energy,TechnipFMC,FTI,12.53404778437181
Energy,Range Resources Corp.,RRC,11.95893543655222
Financials,BlackRock,BLK,574.7492365334251
Financials,SVB Financial,SIVB,352.40870980002666
Financials,"S&P Global, Inc.",SPGI,290.9946029246937
Financials,Goldman Sachs Group,GS,250.08035074407405
Financials,Moody's Corp,MCO,246.97559432289816
Financials,Everest Re Group Ltd.,RE,230.63939981633968
Financials,Aon plc,AON,201.8204167244651
Financials,CME Group Inc.,CME,179.54294982910156
Financials,Ameriprise Financial,AMP,176.41836214932528
Financials,Chubb Limited,CB,145.47382732044568
Financials,M&T Bank Corp.,MTB,142.91508697509767
Financials,PNC Financial Services,PNC,140.53405238064852
Financials,The Travelers Companies Inc.,TRV,132.20519761518997
Financials,T. Rowe Price Group,TROW,127.54942807284269
Financials,American Express Co,AXP,121.44227636857467
Financials,"Nasdaq, Inc.",NDAQ,120.5604785641757
Financials,Affiliated Managers Group Inc,AMG,119.90476101615212
Financials,Assurant Inc.,AIZ,119.78933622186834
Financials,JPMorgan Chase & Co.,JPM,116.31622824928978
Financials,Marsh & McLennan,MMC,108.96580252213911
Financials,Cboe Global Markets,CBOE,107.58707727605646
Financials,Arthur J. Gallagher & Co.,AJG,102.36721008647572
Financials,Allstate Corp,ALL,101.5768640760942
Financials,Capital One Financial,COF,101.27973530509256
Financials,Intercontinental Exchange,ICE,94.48356580560858
Financials,Northern Trust Corp.,NTRS,94.31070219906894
Financials,Cincinnati Financial,CINF,90.15612612290816
Financials,Prudential Financial,PRU,83.96146487842907
Financials,Discover Financial Services,DFS,80.61790732470426
Financials,Progressive Corp.,PGR,76.36013103485108
Financials,State Street Corp.,STT,72.87004531860352
Financials,Comerica Inc.,CMA,65.74212286689065
Financials,Raymond James Financial Inc.,RJF,65.24131092071534
Financials,Citigroup Inc.,C,59.72590723211115
Financials,Morgan Stanley,MS,58.169530412500556
Financials,Lincoln National,LNC,55.14052097233859
Financials,Charles Schwab Corporation,SCHW,52.50827128323642
Financials,Hartford Financial Svc.Gp.,HIG,52.187717675295744
Financials,Principal Financial Group,PFG,51.432868272607976
Financials,Loews Corp.,L,48.873970570997756
Financials,U.S. Bancorp,USB,47.47322019230236
Financials,Zions Bancorp,ZION,46.51308552308516
Financials,MetLife Inc.,MET,46.32052837892012
Financials,AFLAC Inc,AFL,46.31539752613414
Financials,The Bank of New York Mellon Corp.,BK,45.39237011822787
Financials,"American International Group, Inc.",AIG,45.06122976823286
Financials,Wells Fargo,WFC,42.33075111562555
Financials,Brighthouse Financial Inc,BHF,41.59700910915028
Financials,Citizens Financial Group,CFG,34.955964078036224
Financials,Synchrony Financial,SYF,32.96989594372836
Financials,Bank of America Corp,BAC,31.10263091694225
Financials,Fifth Third Bancorp,FITB,28.851037695624612
Financials,Unum Group,UNM,26.74250350345265
Financials,Franklin Resources,BEN,26.61778890956532
Financials,Block H&R,HRB,20.810388842496003
Financials,Invesco Ltd.,IVZ,18.71304266842929
Financials,KeyCorp,KEY,17.040660793998025
Financials,Regions Financial Corp.,RF,16.082789701115
Financials,People's United Financial,PBCT,14.708399983681216
Financials,Huntington Bancshares,HBAN,12.486697439713911
Financials,Navient,NAVI,12.435882442647761
Financials,XL Capital,XL,8.810700417090093
Health Care,Mettler Toledo,MTD,932.0686079545454
Health Care,Regeneron,REGN,463.5160640369762
Health Care,Align Technology,ALGN,373.29170901211825
Health Care,Thermo Fisher Scientific,TMO,370.7989260448109
Health Care,IDEXX Laboratories,IDXX,360.98582716508344
Health Care,Humana Inc.,HUM,350.672072504217
Health Care,Illumina Inc,ILMN,336.3441635686701
Health Care,The Cooper Companies,COO,322.9209927784313
Health Care,United Health Group Inc.,UNH,308.5922940340909
Health Care,Anthem Inc.,ANTM,303.79695893721146
Health Care,Biogen Inc.,BIIB,281.81996360085225
Health Care,Waters Corporation,WAT,246.61365446610884
Health Care,Becton Dickinson,BDX,233.91014339100232
Health Care,Intuitive Surgical Inc.,ISRG,218.3314908322421
Health Care,Vertex Pharmaceuticals Inc,VRTX,205.90608180652964
Health Care,Stryker Corp.,SYK,205.46892991499467
Health Care,Amgen Inc.,AMGN,201.67098975441672
Health Care,Laboratory Corp. of America Holding,LH,201.24592706853693
Health Care,CIGNA Corp.,CI,194.28448348999024
Health Care,Aetna Inc,AET,187.166346166041
Health Care,Danaher Corp.,DHR,181.33095520019532
Health Care,IQVIA Holdings Inc.,IQV,165.87112757596103
Health Care,McKesson Corp.,MCK,164.00483462246982
Health Care,ResMed,RMD,163.57815507368608
Health Care,HCA Holdings,HCA,153.2844812150435
Health Care,Lilly (Eli) & Co.,LLY,151.47022305575285
Health Care,Johnson & Johnson,JNJ,139.93044201937587
Health Care,Zoetis,ZTS,135.896994601163
Health Care,"Universal Health Services, Inc.",UHS,127.82328821355647
Health Care,Zimmer Biomet Holdings,ZBH,126.68896676497026
Health Care,PerkinElmer,PKI,113.97634793368253
Health Care,Quest Diagnostics,DGX,110.40672721169211
Health Care,Medtronic plc,MDT,98.86834916548295
Health Care,AmerisourceBergen Corp,ABC,97.09546369379217
Health Care,Agilent Technologies Inc,A,96.92839275706898
Health Care,Abbott Laboratories,ABT,90.50787137811834
Health Care,AbbVie Inc.,ABBV,90.38829135547985
Health Care,DaVita Inc.,DVA,84.62951815171675
Health Care,Express Scripts,ESRX,83.03473582694201
Health Care,Incyte,INCY,79.91537278262052
Health Care,Baxter International Inc.,BAX,76.83788749694824
Health Care,Edwards Lifesciences,EW,76.50100903597745
Health Care,Cerner,CERN,69.32199487165971
Health Care,Merck & Co.,MRK,69.19022260145708
Health Care,Henry Schein,HSIC,66.64516130967574
Health Care,Centene Corporation,CNC,63.38705903486772
Health Care,Gilead Sciences,GILD,62.72164317737926
Health Care,Hologic,HOLX,56.115745457735926
Health Care,Bristol-Myers Squibb,BMY,55.200563559098676
Health Care,Perrigo,PRGO,50.92984759937633
Health Care,Dentsply Sirona,XRAY,50.159920723655006
Health Care,Cardinal Health Inc.,CAH,48.94143094149503
Health Care,Envision Healthcare,EVHC,41.356836630373586
Health Care,Boston Scientific,BSX,38.305718191320246
Health Care,Pfizer Inc.,PFE,36.203108546517115
Health Care,Nektar Therapeutics,NKTR,30.696063657240433
Industrials,TransDigm Group,TDG,475.45872382424096
Industrials,Roper Technologies,ROP,368.58233606511897
Industrials,Grainger (W.W.) Inc.,GWW,341.31994590065693
Industrials,Lockheed Martin Corp.,LMT,338.71237091064455
Industrials,Northrop Grumman Corp.,NOC,324.1986405112527
Industrials,Cintas Corporation,CTAS,275.49630892666903
Industrials,Boeing Company,BA,270.43366890647195
Industrials,Deere & Co.,DE,221.7312387639826
Industrials,Parker-Hannifin,PH,211.6522763338956
Industrials,Rockwell Automation Inc.,ROK,210.0257950106534
Industrials,FedEx Corporation,FDX,209.71447572881524
Industrials,"United Rentals, Inc.",URI,203.13418204567648
Industrials,Norfolk Southern Corp.,NSC,199.64406201449307
Industrials,Huntington Ingalls Industries,HII,198.28906852028587
Industrials,Cummins Inc.,CMI,178.37389368924227
Industrials,Union Pacific,UNP,176.83330866726962
Industrials,General Dynamics,GD,172.79726129011675
Industrials,Illinois Tool Works,ITW,171.77799045215954
Industrials,3M Company,MMM,169.51445082231
Industrials,Honeywell Int'l Inc.,HON,167.77747093200685
Industrials,Equifax Inc.,EFX,162.98000108198687
Industrials,Verisk Analytics,VRSK,156.61753025401723
Industrials,Caterpillar Inc.,CAT,154.25310586409137
Industrials,Acuity Brands Inc,AYI,138.32659434231846
Industrials,United Parcel Service,UPS,134.1667500998757
Industrials,J. B. Hunt Transport Services,JBHT,130.91794817837803
Industrials,Waste Management Inc.,WM,111.9449462890625
Industrials,Dover Corp.,DOV,109.97396611993963
Industrials,Allegion,ALLE,104.18514788540926
Industrials,Eaton Corporation,ETN,101.49459617614747
Industrials,AMETEK Inc.,AME,98.81773958032781
Industrials,Republic Services Inc,RSG,89.60403980948708
Industrials,General Electric,GE,85.79390448136763
Industrials,Expeditors International,EXPD,85.2905415205522
Industrials,Xylem Inc.,XYL,85.23540234305642
Industrials,C. H. Robinson Worldwide,CHRW,85.15464630473744
Industrials,Emerson Electric Company,EMR,71.87132926594127
Industrials,PACCAR Inc.,PCAR,71.57976949865167
Industrials,Robert Half International,RHI,68.69389316212047
Industrials,Fortune Brands Home & Security,FBHS,68.6547079294378
Industrials,Fortive Corp,FTV,64.23773452758789
Industrials,United Continental Holdings,UAL,62.366799944097345
Industrials,Stericycle Inc,SRCL,59.50545449343595
Industrials,Quanta Services Inc.,PWR,58.80167126742276
Industrials,Alaska Air Group Inc,ALK,56.38608004136519
Industrials,A.O. Smith Corp,AOS,54.831768306385385
Industrials,Textron Inc.,TXT,54.64570245396007
Industrials,Southwest Airlines,LUV,49.478902164806016
Industrials,Pentair Ltd.,PNR,47.912543742439965
Industrials,Masco Corp.,MAS,46.63626732045954
Industrials,Delta Air Lines Inc.,DAL,45.46075197393244
Industrials,Johnson Controls International,JCI,44.91454228141091
Industrials,Fastenal Co,FAST,38.26144758051092
Industrials,Flowserve Corporation,FLS,38.01070782054554
Industrials,Ingersoll-Rand PLC,IR,37.303516980951485
Industrials,Fluor Corp.,FLR,26.81308431625366
Industrials,Arconic Inc.,ARNC,26.456186893498785
Industrials,American Airlines Group,AAL,26.191365539377387
Industrials,CSX Corp.,CSX,25.930935512889516
Industrials,Nielsen Holdings,NLSN,21.784033467552877
Industrials,L-3 Communications Holdings,LLL,3.1896909057010303
Industrials,Rockwell Collins,COL,0.04094875342060407
Information Technology,Alphabet Inc Class C,GOOG,1663.2915221613105
Information Technology,Alphabet Inc Class A,GOOGL,1659.0081816517222
Information Technology,Netflix Inc.,NFLX,409.40716322465374
Information Technology,Adobe Systems Inc,ADBE,380.2501732011275
Information Technology,Lam Research,LRCX,341.37313667990946
Information Technology,Broadcom,AVGO,336.6554400496049
Information Technology,Intuit Inc.,INTU,323.7666299161044
Information Technology,Mastercard Inc.,MA,282.59325019142847
Information Technology,ANSYS,ANSS,260.480208754106
Information Technology,"Facebook, Inc.",FB,227.9894272960316
Information Technology,Accenture plc,ACN,219.94133414528588
Information Technology,Autodesk Inc.,ADSK,202.73509110884234
Information Technology,KLA-Tencor Corp.,KLAC,200.44120539578523
Information Technology,Verisign Inc.,VRSN,189.09700906926935
Information Technology,Salesforce.com,CRM,185.71009986183861
Information Technology,Synopsys Inc.,SNPS,183.04668185840953
Information Technology,Microsoft Corp.,MSFT,182.37243019104005
Information Technology,Visa Inc.,V,179.53369064331054
Information Technology,Gartner Inc,IT,176.876363733465
Information Technology,IPG Photonics Corp.,IPGP,170.18746355230158
Information Technology,F5 Networks,FFIV,166.4644364859841
Information Technology,Motorola Solutions Inc.,MSI,161.73947404341266
Information Technology,Automatic Data Processing,ADP,159.3653819691051
Information Technology,Global Payments Inc.,GPN,152.1688707594438
Information Technology,PayPal,PYPL,148.39371831026943
Information Technology,Take-Two Interactive,TTWO,138.6200728815252
Information Technology,Texas Instruments,TXN,131.44011523160069
Information Technology,"Analog Devices, Inc.",ADI,119.99707687377929
Information Technology,Fidelity National Information Services,FIS,119.73577189358798
Information Technology,Alliance Data Systems,ADS,119.08241390401666
Information Technology,Electronic Arts,EA,118.7505081800981
Information Technology,Skyworks Solutions,SWKS,117.04879550240257
Information Technology,International Business Machines,IBM,115.51068388505415
Information Technology,Qorvo,QRVO,112.78546799399636
Information Technology,Nvidia Corporation,NVDA,110.29605424707586
Information Technology,Citrix Systems,CTXS,109.40925014842641
Information Technology,TE Connectivity Ltd.,TEL,102.57025775562633
Information Technology,Fiserv Inc,FISV,97.04606360695578
Information Technology,QUALCOMM Inc.,QCOM,96.90352426355535
Information Technology,Cadence Design Systems,CDNS,92.99679083043878
Information Technology,Akamai Technologies Inc,AKAM,92.66335464130748
Information Technology,Apple Inc.,AAPL,89.70118717887185
Information Technology,Paychex Inc.,PAYX,82.47089406446977
Information Technology,Applied Materials Inc.,AMAT,75.20333365873857
Information Technology,Cognizant Technology Solutions,CTSH,69.89950649955055
Information Technology,Activision Blizzard,ATVI,68.85921475843949
Information Technology,NetApp,NTAP,62.62976822939786
Information Technology,Oracle Corp.,ORCL,59.48549382643266
Information Technology,Advanced Micro Devices Inc,AMD,58.35343634345315
Information Technology,Seagate Technology,STX,58.34202688563954
Information Technology,Micron Technology,MU,57.5509655120156
Information Technology,Western Digital,WDC,55.90755574313077
Information Technology,Amphenol Corp,APH,54.69526420246471
Information Technology,Microchip Technology,MCHP,54.31681728016247
Information Technology,Intel Corp.,INTC,49.42048489310525
Information Technology,eBay Inc.,EBAY,46.11336324171587
Information Technology,Cisco Systems,CSCO,45.52090785113248
Information Technology,DXC Technology,DXC,43.94132779988376
Information Technology,"CA, Inc.",CA,38.367136700660396
Information Technology,CSRA Inc.,CSRA,36.73661280435229
Information Technology,Corning Inc.,GLW,31.354967060089113
Information Technology,Juniper Networks,JNPR,24.994465866088866
Information Technology,Xerox Corp.,XRX,23.263697431737725
Information Technology,HP Inc.,HPQ,22.84264368317344
Information Technology,Western Union Co,WU,19.285168837634
Information Technology,Hewlett Packard Enterprise,HPE,13.372977450110696
Materials,Martin Marietta Materials,MLM,262.4746769991788
Materials,Air Products & Chemicals Inc,APD,220.29795664007014
Materials,Sherwin-Williams,SHW,200.16539751226253
Materials,Ecolab Inc.,ECL,182.8224681854248
Materials,Vulcan Materials,VMC,139.3315559803356
Materials,Avery Dennison Corp,AVY,136.2903280986439
Materials,Intl Flavors & Fragrances,IFF,125.94677038019354
Materials,PPG Industries,PPG,121.8528318231756
Materials,Albemarle Corp,ALB,119.6485013927113
Materials,Packaging Corporation of America,PKG,110.47058129050515
Materials,FMC Corporation,FMC,90.2553812789917
Materials,Eastman Chemical,EMN,86.2734564590454
Materials,LyondellBasell,LYB,82.7769472399625
Materials,Ball Corp,BLL,68.61111683238636
Materials,Nucor Corp.,NUE,66.6394114667719
Materials,Newmont Mining Corporation,NEM,47.085249356356535
Materials,CF Industries Holdings Inc,CF,44.64238646593961
Materials,Sealed Air,SEE,44.153446870283645
Materials,WestRock Company,WRK,42.06583647294478
Materials,International Paper,IP,41.60837047230114
Materials,The Mosaic Company,MOS,27.765274203473872
Materials,Freeport-McMoRan Inc.,FCX,20.940227405808187
Materials,Praxair Inc.,PX,12.564225344590739
Materials,Monsanto Co.,MON,9.74812203100172
Real Estate,Equinix,EQIX,586.7550702736595
Real Estate,"Essex Property Trust, Inc.",ESS,260.7011194679954
Real Estate,SBA Communications,SBAC,251.3599514354359
Real Estate,Public Storage,PSA,231.05810717496004
Real Estate,American Tower Corp A,AMT,207.53575637123802
Real Estate,"AvalonBay Communities, Inc.",AVB,180.5743865966797
Real Estate,Alexandria Real Estate Equities Inc,ARE,150.33885267777876
Real Estate,Crown Castle International Corp.,CCI,139.51495409185236
Real Estate,Mid-America Apartments,MAA,126.88752025257457
Real Estate,Digital Realty Trust Inc,DLR,123.46946465232156
Real Estate,Simon Property Group Inc,SPG,120.20138410048051
Real Estate,Extra Space Storage,EXR,116.10516740278764
Real Estate,Boston Properties,BXP,107.45972652088513
Real Estate,Federal Realty Investment Trust,FRT,105.8194633102417
Real Estate,Prologis,PLD,92.2587257940119
Real Estate,SL Green Realty,SLG,69.10714646426113
Real Estate,Equity Residential,EQR,67.42184079603716
Real Estate,Welltower Inc.,WELL,66.68702071276579
Real Estate,CBRE Group,CBRE,61.616681825464426
Real Estate,HCP Inc.,HCP,59.84953707235831
Real Estate,Realty Income Corporation,O,57.52840423237194
Real Estate,Regency Centers Corporation,REG,55.23240909576416
Real Estate,Ventas Inc,VTR,49.396333929408684
Real Estate,Vornado Realty Trust,VNO,46.943939333829015
Real Estate,UDR Inc,UDR,41.29820715644143
Real Estate,Duke Realty Corp,DRE,36.1337369554693
Real Estate,Iron Mountain Incorporated,IRM,31.231795331781562
Real Estate,Weyerhaeuser Corp.,WY,28.39528772874312
Real Estate,Macerich,MAC,23.87668072050268
Real Estate,Kimco Realty,KIM,16.335243129730223
Real Estate,Host Hotels & Resorts,HST,16.266397878473455
Real Estate,Apartment Investment & Management,AIV,4.996219856305556
Telecommunication Services,Verizon Communications,VZ,50.41859019539573
Telecommunication Services,AT&T Inc.,T,19.203899199745873
Utilities,American Water Works Company Inc,AWK,124.0276922191273
Utilities,Sempra Energy,SRE,119.95873335404829
Utilities,DTE Energy Co.,DTE,97.81289073250511
Utilities,Entergy Corp.,ETR,92.04923311753707
Utilities,Duke Energy,DUK,83.10451757604426
Utilities,Wec Energy Group Inc,WEC,79.8570613826405
Utilities,American Electric Power,AEP,77.29986842068759
Utilities,Pinnacle West Capital,PNW,74.68768914656205
Utilities,Consolidated Edison,ED,74.28633602835916
Utilities,Eversource Energy,ES,73.8782585733587
Utilities,Ameren Corp,AEE,71.30326226667924
Utilities,Dominion Energy,D,70.50124655636874
Utilities,NextEra Energy,NEE,59.41692337036133
Utilities,Xcel Energy Inc,XEL,57.421484177329326
Utilities,Edison Int'l,EIX,57.030115110223946
Utilities,CMS Energy,CMS,54.389076694141735
Utilities,Public Serv. Enterprise Inc.,PEG,53.63596412311901
Utilities,Southern Co.,SO,51.918195689808236
Utilities,Alliant Energy Corp,LNT,47.72337425231934
Utilities,SCANA Corp,SCG,38.791977202274886
Utilities,FirstEnergy Corp,FE,35.26429774371061
Utilities,NRG Energy,NRG,34.132436910109085
Utilities,Exelon Corp.,EXC,30.158061936118386
Utilities,PPL Corp.,PPL,26.25866193597967
Utilities,NiSource Inc.,NI,24.061679957996716
Utilities,CenterPoint Energy,CNP,24.042343104969373
Utilities,PG&E Corp.,PCG,18.965736364668064
Utilities,AES Corp,AES,17.456497103951193
